{
  "_format": "hh-sol-cache-2",
  "files": {
    "/Users/raza/projects/uber/deride2/contracts/DAOgovernance.sol": {
      "lastModificationDate": 1672230907270,
      "contentHash": "d1ad3b7c70e7553297110605b42c3c8f",
      "sourceName": "contracts/DAOgovernance.sol",
      "solcConfig": {
        "version": "0.8.17",
        "settings": {
          "optimizer": {
            "enabled": false,
            "runs": 200
          },
          "outputSelection": {
            "*": {
              "*": [
                "abi",
                "evm.bytecode",
                "evm.deployedBytecode",
                "evm.methodIdentifiers",
                "metadata"
              ],
              "": [
                "ast"
              ]
            }
          }
        }
      },
      "imports": [
        "@openzeppelin/contracts/governance/Governor.sol",
        "@openzeppelin/contracts/governance/compatibility/GovernorCompatibilityBravo.sol",
        "@openzeppelin/contracts/governance/extensions/GovernorVotes.sol",
        "@openzeppelin/contracts/governance/extensions/GovernorVotesQuorumFraction.sol",
        "@openzeppelin/contracts/governance/extensions/GovernorTimelockControl.sol"
      ],
      "versionPragmas": [
        "^0.8.2"
      ],
      "artifacts": [
        "MyGovernor"
      ]
    },
    "/Users/raza/projects/uber/deride2/node_modules/@openzeppelin/contracts/governance/Governor.sol": {
      "lastModificationDate": 1672245524249,
      "contentHash": "bbb046a0e771ab9863343dadde1072ae",
      "sourceName": "@openzeppelin/contracts/governance/Governor.sol",
      "solcConfig": {
        "version": "0.8.17",
        "settings": {
          "optimizer": {
            "enabled": false,
            "runs": 200
          },
          "outputSelection": {
            "*": {
              "*": [
                "abi",
                "evm.bytecode",
                "evm.deployedBytecode",
                "evm.methodIdentifiers",
                "metadata"
              ],
              "": [
                "ast"
              ]
            }
          }
        }
      },
      "imports": [
        "../token/ERC721/IERC721Receiver.sol",
        "../token/ERC1155/IERC1155Receiver.sol",
        "../utils/cryptography/ECDSA.sol",
        "../utils/cryptography/EIP712.sol",
        "../utils/introspection/ERC165.sol",
        "../utils/math/SafeCast.sol",
        "../utils/structs/DoubleEndedQueue.sol",
        "../utils/Address.sol",
        "../utils/Context.sol",
        "../utils/Timers.sol",
        "./IGovernor.sol"
      ],
      "versionPragmas": [
        "^0.8.0"
      ],
      "artifacts": [
        "Governor"
      ]
    },
    "/Users/raza/projects/uber/deride2/node_modules/@openzeppelin/contracts/governance/compatibility/GovernorCompatibilityBravo.sol": {
      "lastModificationDate": 1672245524249,
      "contentHash": "2fb139bf4ed5028a1ef1f18e2d61656f",
      "sourceName": "@openzeppelin/contracts/governance/compatibility/GovernorCompatibilityBravo.sol",
      "solcConfig": {
        "version": "0.8.17",
        "settings": {
          "optimizer": {
            "enabled": false,
            "runs": 200
          },
          "outputSelection": {
            "*": {
              "*": [
                "abi",
                "evm.bytecode",
                "evm.deployedBytecode",
                "evm.methodIdentifiers",
                "metadata"
              ],
              "": [
                "ast"
              ]
            }
          }
        }
      },
      "imports": [
        "../../utils/math/SafeCast.sol",
        "../extensions/IGovernorTimelock.sol",
        "../Governor.sol",
        "./IGovernorCompatibilityBravo.sol"
      ],
      "versionPragmas": [
        "^0.8.0"
      ],
      "artifacts": [
        "GovernorCompatibilityBravo"
      ]
    },
    "/Users/raza/projects/uber/deride2/node_modules/@openzeppelin/contracts/governance/extensions/GovernorTimelockControl.sol": {
      "lastModificationDate": 1672245524249,
      "contentHash": "d75bd1fe3635665c9468947aa4c13bd5",
      "sourceName": "@openzeppelin/contracts/governance/extensions/GovernorTimelockControl.sol",
      "solcConfig": {
        "version": "0.8.17",
        "settings": {
          "optimizer": {
            "enabled": false,
            "runs": 200
          },
          "outputSelection": {
            "*": {
              "*": [
                "abi",
                "evm.bytecode",
                "evm.deployedBytecode",
                "evm.methodIdentifiers",
                "metadata"
              ],
              "": [
                "ast"
              ]
            }
          }
        }
      },
      "imports": [
        "./IGovernorTimelock.sol",
        "../Governor.sol",
        "../TimelockController.sol"
      ],
      "versionPragmas": [
        "^0.8.0"
      ],
      "artifacts": [
        "GovernorTimelockControl"
      ]
    },
    "/Users/raza/projects/uber/deride2/node_modules/@openzeppelin/contracts/governance/extensions/GovernorVotes.sol": {
      "lastModificationDate": 1672245524249,
      "contentHash": "d5ec18eb16b8452e749ee7d3aaa304b1",
      "sourceName": "@openzeppelin/contracts/governance/extensions/GovernorVotes.sol",
      "solcConfig": {
        "version": "0.8.17",
        "settings": {
          "optimizer": {
            "enabled": false,
            "runs": 200
          },
          "outputSelection": {
            "*": {
              "*": [
                "abi",
                "evm.bytecode",
                "evm.deployedBytecode",
                "evm.methodIdentifiers",
                "metadata"
              ],
              "": [
                "ast"
              ]
            }
          }
        }
      },
      "imports": [
        "../Governor.sol",
        "../utils/IVotes.sol"
      ],
      "versionPragmas": [
        "^0.8.0"
      ],
      "artifacts": [
        "GovernorVotes"
      ]
    },
    "/Users/raza/projects/uber/deride2/node_modules/@openzeppelin/contracts/governance/extensions/GovernorVotesQuorumFraction.sol": {
      "lastModificationDate": 1672245524249,
      "contentHash": "10d5401a4a099932299a62df22935a5e",
      "sourceName": "@openzeppelin/contracts/governance/extensions/GovernorVotesQuorumFraction.sol",
      "solcConfig": {
        "version": "0.8.17",
        "settings": {
          "optimizer": {
            "enabled": false,
            "runs": 200
          },
          "outputSelection": {
            "*": {
              "*": [
                "abi",
                "evm.bytecode",
                "evm.deployedBytecode",
                "evm.methodIdentifiers",
                "metadata"
              ],
              "": [
                "ast"
              ]
            }
          }
        }
      },
      "imports": [
        "./GovernorVotes.sol",
        "../../utils/Checkpoints.sol",
        "../../utils/math/SafeCast.sol"
      ],
      "versionPragmas": [
        "^0.8.0"
      ],
      "artifacts": [
        "GovernorVotesQuorumFraction"
      ]
    },
    "/Users/raza/projects/uber/deride2/node_modules/@openzeppelin/contracts/utils/Context.sol": {
      "lastModificationDate": 1672245524248,
      "contentHash": "5f2c5c4b6af2dd4551027144797bc8be",
      "sourceName": "@openzeppelin/contracts/utils/Context.sol",
      "solcConfig": {
        "version": "0.8.17",
        "settings": {
          "optimizer": {
            "enabled": false,
            "runs": 200
          },
          "outputSelection": {
            "*": {
              "*": [
                "abi",
                "evm.bytecode",
                "evm.deployedBytecode",
                "evm.methodIdentifiers",
                "metadata"
              ],
              "": [
                "ast"
              ]
            }
          }
        }
      },
      "imports": [],
      "versionPragmas": [
        "^0.8.0"
      ],
      "artifacts": [
        "Context"
      ]
    },
    "/Users/raza/projects/uber/deride2/node_modules/@openzeppelin/contracts/utils/Address.sol": {
      "lastModificationDate": 1672245524225,
      "contentHash": "f31ad6fc4bbf9c06203987220156a6ba",
      "sourceName": "@openzeppelin/contracts/utils/Address.sol",
      "solcConfig": {
        "version": "0.8.17",
        "settings": {
          "optimizer": {
            "enabled": false,
            "runs": 200
          },
          "outputSelection": {
            "*": {
              "*": [
                "abi",
                "evm.bytecode",
                "evm.deployedBytecode",
                "evm.methodIdentifiers",
                "metadata"
              ],
              "": [
                "ast"
              ]
            }
          }
        }
      },
      "imports": [],
      "versionPragmas": [
        "^0.8.1"
      ],
      "artifacts": [
        "Address"
      ]
    },
    "/Users/raza/projects/uber/deride2/node_modules/@openzeppelin/contracts/utils/cryptography/EIP712.sol": {
      "lastModificationDate": 1672245524225,
      "contentHash": "7c33eaa0f6dc029429ed8b986694c3a4",
      "sourceName": "@openzeppelin/contracts/utils/cryptography/EIP712.sol",
      "solcConfig": {
        "version": "0.8.17",
        "settings": {
          "optimizer": {
            "enabled": false,
            "runs": 200
          },
          "outputSelection": {
            "*": {
              "*": [
                "abi",
                "evm.bytecode",
                "evm.deployedBytecode",
                "evm.methodIdentifiers",
                "metadata"
              ],
              "": [
                "ast"
              ]
            }
          }
        }
      },
      "imports": [
        "./ECDSA.sol"
      ],
      "versionPragmas": [
        "^0.8.0"
      ],
      "artifacts": [
        "EIP712"
      ]
    },
    "/Users/raza/projects/uber/deride2/node_modules/@openzeppelin/contracts/utils/cryptography/ECDSA.sol": {
      "lastModificationDate": 1672245524225,
      "contentHash": "fe1190dbb6431c2464246925713f0f7f",
      "sourceName": "@openzeppelin/contracts/utils/cryptography/ECDSA.sol",
      "solcConfig": {
        "version": "0.8.17",
        "settings": {
          "optimizer": {
            "enabled": false,
            "runs": 200
          },
          "outputSelection": {
            "*": {
              "*": [
                "abi",
                "evm.bytecode",
                "evm.deployedBytecode",
                "evm.methodIdentifiers",
                "metadata"
              ],
              "": [
                "ast"
              ]
            }
          }
        }
      },
      "imports": [
        "../Strings.sol"
      ],
      "versionPragmas": [
        "^0.8.0"
      ],
      "artifacts": [
        "ECDSA"
      ]
    },
    "/Users/raza/projects/uber/deride2/node_modules/@openzeppelin/contracts/utils/Timers.sol": {
      "lastModificationDate": 1672245524225,
      "contentHash": "ae135102abee8b2fc88eed09a40cdb4c",
      "sourceName": "@openzeppelin/contracts/utils/Timers.sol",
      "solcConfig": {
        "version": "0.8.17",
        "settings": {
          "optimizer": {
            "enabled": false,
            "runs": 200
          },
          "outputSelection": {
            "*": {
              "*": [
                "abi",
                "evm.bytecode",
                "evm.deployedBytecode",
                "evm.methodIdentifiers",
                "metadata"
              ],
              "": [
                "ast"
              ]
            }
          }
        }
      },
      "imports": [],
      "versionPragmas": [
        "^0.8.0"
      ],
      "artifacts": [
        "Timers"
      ]
    },
    "/Users/raza/projects/uber/deride2/node_modules/@openzeppelin/contracts/utils/math/SafeCast.sol": {
      "lastModificationDate": 1672245524225,
      "contentHash": "67cf2dfe1d1c22b4ea7f242e8a17f431",
      "sourceName": "@openzeppelin/contracts/utils/math/SafeCast.sol",
      "solcConfig": {
        "version": "0.8.17",
        "settings": {
          "optimizer": {
            "enabled": false,
            "runs": 200
          },
          "outputSelection": {
            "*": {
              "*": [
                "abi",
                "evm.bytecode",
                "evm.deployedBytecode",
                "evm.methodIdentifiers",
                "metadata"
              ],
              "": [
                "ast"
              ]
            }
          }
        }
      },
      "imports": [],
      "versionPragmas": [
        "^0.8.0"
      ],
      "artifacts": [
        "SafeCast"
      ]
    },
    "/Users/raza/projects/uber/deride2/node_modules/@openzeppelin/contracts/utils/introspection/ERC165.sol": {
      "lastModificationDate": 1672245524225,
      "contentHash": "0e7db055ce108f9da7bb6686a00287c0",
      "sourceName": "@openzeppelin/contracts/utils/introspection/ERC165.sol",
      "solcConfig": {
        "version": "0.8.17",
        "settings": {
          "optimizer": {
            "enabled": false,
            "runs": 200
          },
          "outputSelection": {
            "*": {
              "*": [
                "abi",
                "evm.bytecode",
                "evm.deployedBytecode",
                "evm.methodIdentifiers",
                "metadata"
              ],
              "": [
                "ast"
              ]
            }
          }
        }
      },
      "imports": [
        "./IERC165.sol"
      ],
      "versionPragmas": [
        "^0.8.0"
      ],
      "artifacts": [
        "ERC165"
      ]
    },
    "/Users/raza/projects/uber/deride2/node_modules/@openzeppelin/contracts/utils/structs/DoubleEndedQueue.sol": {
      "lastModificationDate": 1672245524226,
      "contentHash": "1252685551a5afdb6005499e0f549eff",
      "sourceName": "@openzeppelin/contracts/utils/structs/DoubleEndedQueue.sol",
      "solcConfig": {
        "version": "0.8.17",
        "settings": {
          "optimizer": {
            "enabled": false,
            "runs": 200
          },
          "outputSelection": {
            "*": {
              "*": [
                "abi",
                "evm.bytecode",
                "evm.deployedBytecode",
                "evm.methodIdentifiers",
                "metadata"
              ],
              "": [
                "ast"
              ]
            }
          }
        }
      },
      "imports": [
        "../math/SafeCast.sol"
      ],
      "versionPragmas": [
        "^0.8.4"
      ],
      "artifacts": [
        "DoubleEndedQueue"
      ]
    },
    "/Users/raza/projects/uber/deride2/node_modules/@openzeppelin/contracts/token/ERC1155/IERC1155Receiver.sol": {
      "lastModificationDate": 1672245524223,
      "contentHash": "9f8822b72fe2702979e40160cb6d9636",
      "sourceName": "@openzeppelin/contracts/token/ERC1155/IERC1155Receiver.sol",
      "solcConfig": {
        "version": "0.8.17",
        "settings": {
          "optimizer": {
            "enabled": false,
            "runs": 200
          },
          "outputSelection": {
            "*": {
              "*": [
                "abi",
                "evm.bytecode",
                "evm.deployedBytecode",
                "evm.methodIdentifiers",
                "metadata"
              ],
              "": [
                "ast"
              ]
            }
          }
        }
      },
      "imports": [
        "../../utils/introspection/IERC165.sol"
      ],
      "versionPragmas": [
        "^0.8.0"
      ],
      "artifacts": [
        "IERC1155Receiver"
      ]
    },
    "/Users/raza/projects/uber/deride2/node_modules/@openzeppelin/contracts/token/ERC721/IERC721Receiver.sol": {
      "lastModificationDate": 1672245524222,
      "contentHash": "c22d4395e33763de693fd440c6fd10e1",
      "sourceName": "@openzeppelin/contracts/token/ERC721/IERC721Receiver.sol",
      "solcConfig": {
        "version": "0.8.17",
        "settings": {
          "optimizer": {
            "enabled": false,
            "runs": 200
          },
          "outputSelection": {
            "*": {
              "*": [
                "abi",
                "evm.bytecode",
                "evm.deployedBytecode",
                "evm.methodIdentifiers",
                "metadata"
              ],
              "": [
                "ast"
              ]
            }
          }
        }
      },
      "imports": [],
      "versionPragmas": [
        "^0.8.0"
      ],
      "artifacts": [
        "IERC721Receiver"
      ]
    },
    "/Users/raza/projects/uber/deride2/node_modules/@openzeppelin/contracts/governance/IGovernor.sol": {
      "lastModificationDate": 1672245524250,
      "contentHash": "bbba587a6884548b6d49b792337c7e9d",
      "sourceName": "@openzeppelin/contracts/governance/IGovernor.sol",
      "solcConfig": {
        "version": "0.8.17",
        "settings": {
          "optimizer": {
            "enabled": false,
            "runs": 200
          },
          "outputSelection": {
            "*": {
              "*": [
                "abi",
                "evm.bytecode",
                "evm.deployedBytecode",
                "evm.methodIdentifiers",
                "metadata"
              ],
              "": [
                "ast"
              ]
            }
          }
        }
      },
      "imports": [
        "../utils/introspection/ERC165.sol"
      ],
      "versionPragmas": [
        "^0.8.0"
      ],
      "artifacts": [
        "IGovernor"
      ]
    },
    "/Users/raza/projects/uber/deride2/node_modules/@openzeppelin/contracts/utils/Strings.sol": {
      "lastModificationDate": 1672245524248,
      "contentHash": "396031251978f8febfd90cb62cb240ec",
      "sourceName": "@openzeppelin/contracts/utils/Strings.sol",
      "solcConfig": {
        "version": "0.8.17",
        "settings": {
          "optimizer": {
            "enabled": false,
            "runs": 200
          },
          "outputSelection": {
            "*": {
              "*": [
                "abi",
                "evm.bytecode",
                "evm.deployedBytecode",
                "evm.methodIdentifiers",
                "metadata"
              ],
              "": [
                "ast"
              ]
            }
          }
        }
      },
      "imports": [
        "./math/Math.sol"
      ],
      "versionPragmas": [
        "^0.8.0"
      ],
      "artifacts": [
        "Strings"
      ]
    },
    "/Users/raza/projects/uber/deride2/node_modules/@openzeppelin/contracts/utils/math/Math.sol": {
      "lastModificationDate": 1672245524225,
      "contentHash": "b9c58920ce74d6dc819161786112e7ee",
      "sourceName": "@openzeppelin/contracts/utils/math/Math.sol",
      "solcConfig": {
        "version": "0.8.17",
        "settings": {
          "optimizer": {
            "enabled": false,
            "runs": 200
          },
          "outputSelection": {
            "*": {
              "*": [
                "abi",
                "evm.bytecode",
                "evm.deployedBytecode",
                "evm.methodIdentifiers",
                "metadata"
              ],
              "": [
                "ast"
              ]
            }
          }
        }
      },
      "imports": [],
      "versionPragmas": [
        "^0.8.0"
      ],
      "artifacts": [
        "Math"
      ]
    },
    "/Users/raza/projects/uber/deride2/node_modules/@openzeppelin/contracts/utils/introspection/IERC165.sol": {
      "lastModificationDate": 1672245524225,
      "contentHash": "03e6768535ac4da0e9756f1d8a4a018a",
      "sourceName": "@openzeppelin/contracts/utils/introspection/IERC165.sol",
      "solcConfig": {
        "version": "0.8.17",
        "settings": {
          "optimizer": {
            "enabled": false,
            "runs": 200
          },
          "outputSelection": {
            "*": {
              "*": [
                "abi",
                "evm.bytecode",
                "evm.deployedBytecode",
                "evm.methodIdentifiers",
                "metadata"
              ],
              "": [
                "ast"
              ]
            }
          }
        }
      },
      "imports": [],
      "versionPragmas": [
        "^0.8.0"
      ],
      "artifacts": [
        "IERC165"
      ]
    },
    "/Users/raza/projects/uber/deride2/node_modules/@openzeppelin/contracts/governance/extensions/IGovernorTimelock.sol": {
      "lastModificationDate": 1672245524249,
      "contentHash": "eebb17e144c4fd58549d815db19552da",
      "sourceName": "@openzeppelin/contracts/governance/extensions/IGovernorTimelock.sol",
      "solcConfig": {
        "version": "0.8.17",
        "settings": {
          "optimizer": {
            "enabled": false,
            "runs": 200
          },
          "outputSelection": {
            "*": {
              "*": [
                "abi",
                "evm.bytecode",
                "evm.deployedBytecode",
                "evm.methodIdentifiers",
                "metadata"
              ],
              "": [
                "ast"
              ]
            }
          }
        }
      },
      "imports": [
        "../IGovernor.sol"
      ],
      "versionPragmas": [
        "^0.8.0"
      ],
      "artifacts": [
        "IGovernorTimelock"
      ]
    },
    "/Users/raza/projects/uber/deride2/node_modules/@openzeppelin/contracts/governance/compatibility/IGovernorCompatibilityBravo.sol": {
      "lastModificationDate": 1672245524249,
      "contentHash": "150a6426dc55ba789e76389d6893f908",
      "sourceName": "@openzeppelin/contracts/governance/compatibility/IGovernorCompatibilityBravo.sol",
      "solcConfig": {
        "version": "0.8.17",
        "settings": {
          "optimizer": {
            "enabled": false,
            "runs": 200
          },
          "outputSelection": {
            "*": {
              "*": [
                "abi",
                "evm.bytecode",
                "evm.deployedBytecode",
                "evm.methodIdentifiers",
                "metadata"
              ],
              "": [
                "ast"
              ]
            }
          }
        }
      },
      "imports": [
        "../IGovernor.sol"
      ],
      "versionPragmas": [
        "^0.8.0"
      ],
      "artifacts": [
        "IGovernorCompatibilityBravo"
      ]
    },
    "/Users/raza/projects/uber/deride2/node_modules/@openzeppelin/contracts/governance/TimelockController.sol": {
      "lastModificationDate": 1672245524250,
      "contentHash": "ae0d2ca4db5ef8ac47b0ee155483a0d7",
      "sourceName": "@openzeppelin/contracts/governance/TimelockController.sol",
      "solcConfig": {
        "version": "0.8.17",
        "settings": {
          "optimizer": {
            "enabled": false,
            "runs": 200
          },
          "outputSelection": {
            "*": {
              "*": [
                "abi",
                "evm.bytecode",
                "evm.deployedBytecode",
                "evm.methodIdentifiers",
                "metadata"
              ],
              "": [
                "ast"
              ]
            }
          }
        }
      },
      "imports": [
        "../access/AccessControl.sol",
        "../token/ERC721/IERC721Receiver.sol",
        "../token/ERC1155/IERC1155Receiver.sol",
        "../utils/Address.sol"
      ],
      "versionPragmas": [
        "^0.8.0"
      ],
      "artifacts": [
        "TimelockController"
      ]
    },
    "/Users/raza/projects/uber/deride2/node_modules/@openzeppelin/contracts/access/AccessControl.sol": {
      "lastModificationDate": 1672245524224,
      "contentHash": "95a6c227d1b8843e9385518a5bce4853",
      "sourceName": "@openzeppelin/contracts/access/AccessControl.sol",
      "solcConfig": {
        "version": "0.8.17",
        "settings": {
          "optimizer": {
            "enabled": false,
            "runs": 200
          },
          "outputSelection": {
            "*": {
              "*": [
                "abi",
                "evm.bytecode",
                "evm.deployedBytecode",
                "evm.methodIdentifiers",
                "metadata"
              ],
              "": [
                "ast"
              ]
            }
          }
        }
      },
      "imports": [
        "./IAccessControl.sol",
        "../utils/Context.sol",
        "../utils/Strings.sol",
        "../utils/introspection/ERC165.sol"
      ],
      "versionPragmas": [
        "^0.8.0"
      ],
      "artifacts": [
        "AccessControl"
      ]
    },
    "/Users/raza/projects/uber/deride2/node_modules/@openzeppelin/contracts/access/IAccessControl.sol": {
      "lastModificationDate": 1672245524224,
      "contentHash": "57c84298234411cea19c7c284d86be8b",
      "sourceName": "@openzeppelin/contracts/access/IAccessControl.sol",
      "solcConfig": {
        "version": "0.8.17",
        "settings": {
          "optimizer": {
            "enabled": false,
            "runs": 200
          },
          "outputSelection": {
            "*": {
              "*": [
                "abi",
                "evm.bytecode",
                "evm.deployedBytecode",
                "evm.methodIdentifiers",
                "metadata"
              ],
              "": [
                "ast"
              ]
            }
          }
        }
      },
      "imports": [],
      "versionPragmas": [
        "^0.8.0"
      ],
      "artifacts": [
        "IAccessControl"
      ]
    },
    "/Users/raza/projects/uber/deride2/node_modules/@openzeppelin/contracts/governance/utils/IVotes.sol": {
      "lastModificationDate": 1672245524249,
      "contentHash": "a036d40989f21d08bb990e68d0088fa1",
      "sourceName": "@openzeppelin/contracts/governance/utils/IVotes.sol",
      "solcConfig": {
        "version": "0.8.17",
        "settings": {
          "optimizer": {
            "enabled": false,
            "runs": 200
          },
          "outputSelection": {
            "*": {
              "*": [
                "abi",
                "evm.bytecode",
                "evm.deployedBytecode",
                "evm.methodIdentifiers",
                "metadata"
              ],
              "": [
                "ast"
              ]
            }
          }
        }
      },
      "imports": [],
      "versionPragmas": [
        "^0.8.0"
      ],
      "artifacts": [
        "IVotes"
      ]
    },
    "/Users/raza/projects/uber/deride2/node_modules/@openzeppelin/contracts/utils/Checkpoints.sol": {
      "lastModificationDate": 1672245524225,
      "contentHash": "fc44afad5696dcf2d3b9494f2be47f2d",
      "sourceName": "@openzeppelin/contracts/utils/Checkpoints.sol",
      "solcConfig": {
        "version": "0.8.17",
        "settings": {
          "optimizer": {
            "enabled": false,
            "runs": 200
          },
          "outputSelection": {
            "*": {
              "*": [
                "abi",
                "evm.bytecode",
                "evm.deployedBytecode",
                "evm.methodIdentifiers",
                "metadata"
              ],
              "": [
                "ast"
              ]
            }
          }
        }
      },
      "imports": [
        "./math/Math.sol",
        "./math/SafeCast.sol"
      ],
      "versionPragmas": [
        "^0.8.0"
      ],
      "artifacts": [
        "Checkpoints"
      ]
    },
    "/Users/raza/projects/uber/deride2/node_modules/@openzeppelin/contracts/token/ERC20/extensions/ERC20Votes.sol": {
      "lastModificationDate": 1672245524222,
      "contentHash": "77afac300a0417276af9748828c197be",
      "sourceName": "@openzeppelin/contracts/token/ERC20/extensions/ERC20Votes.sol",
      "solcConfig": {
        "version": "0.8.17",
        "settings": {
          "optimizer": {
            "enabled": false,
            "runs": 200
          },
          "outputSelection": {
            "*": {
              "*": [
                "abi",
                "evm.bytecode",
                "evm.deployedBytecode",
                "evm.methodIdentifiers",
                "metadata"
              ],
              "": [
                "ast"
              ]
            }
          }
        }
      },
      "imports": [
        "./draft-ERC20Permit.sol",
        "../../../utils/math/Math.sol",
        "../../../governance/utils/IVotes.sol",
        "../../../utils/math/SafeCast.sol",
        "../../../utils/cryptography/ECDSA.sol"
      ],
      "versionPragmas": [
        "^0.8.0"
      ],
      "artifacts": [
        "ERC20Votes"
      ]
    },
    "/Users/raza/projects/uber/deride2/node_modules/@openzeppelin/contracts/token/ERC20/extensions/draft-ERC20Permit.sol": {
      "lastModificationDate": 1672245524222,
      "contentHash": "5b369683bd5582ac703b4177a94d87d2",
      "sourceName": "@openzeppelin/contracts/token/ERC20/extensions/draft-ERC20Permit.sol",
      "solcConfig": {
        "version": "0.8.17",
        "settings": {
          "optimizer": {
            "enabled": false,
            "runs": 200
          },
          "outputSelection": {
            "*": {
              "*": [
                "abi",
                "evm.bytecode",
                "evm.deployedBytecode",
                "evm.methodIdentifiers",
                "metadata"
              ],
              "": [
                "ast"
              ]
            }
          }
        }
      },
      "imports": [
        "./draft-IERC20Permit.sol",
        "../ERC20.sol",
        "../../../utils/cryptography/ECDSA.sol",
        "../../../utils/cryptography/EIP712.sol",
        "../../../utils/Counters.sol"
      ],
      "versionPragmas": [
        "^0.8.0"
      ],
      "artifacts": [
        "ERC20Permit"
      ]
    },
    "/Users/raza/projects/uber/deride2/node_modules/@openzeppelin/contracts/token/ERC20/ERC20.sol": {
      "lastModificationDate": 1672245524221,
      "contentHash": "834a0dde221759af42b030253315b086",
      "sourceName": "@openzeppelin/contracts/token/ERC20/ERC20.sol",
      "solcConfig": {
        "version": "0.8.17",
        "settings": {
          "optimizer": {
            "enabled": false,
            "runs": 200
          },
          "outputSelection": {
            "*": {
              "*": [
                "abi",
                "evm.bytecode",
                "evm.deployedBytecode",
                "evm.methodIdentifiers",
                "metadata"
              ],
              "": [
                "ast"
              ]
            }
          }
        }
      },
      "imports": [
        "./IERC20.sol",
        "./extensions/IERC20Metadata.sol",
        "../../utils/Context.sol"
      ],
      "versionPragmas": [
        "^0.8.0"
      ],
      "artifacts": [
        "ERC20"
      ]
    },
    "/Users/raza/projects/uber/deride2/node_modules/@openzeppelin/contracts/utils/Counters.sol": {
      "lastModificationDate": 1672245524225,
      "contentHash": "74654e3ae5d7f39555055dfe244dab7a",
      "sourceName": "@openzeppelin/contracts/utils/Counters.sol",
      "solcConfig": {
        "version": "0.8.17",
        "settings": {
          "optimizer": {
            "enabled": false,
            "runs": 200
          },
          "outputSelection": {
            "*": {
              "*": [
                "abi",
                "evm.bytecode",
                "evm.deployedBytecode",
                "evm.methodIdentifiers",
                "metadata"
              ],
              "": [
                "ast"
              ]
            }
          }
        }
      },
      "imports": [],
      "versionPragmas": [
        "^0.8.0"
      ],
      "artifacts": [
        "Counters"
      ]
    },
    "/Users/raza/projects/uber/deride2/node_modules/@openzeppelin/contracts/token/ERC20/extensions/draft-IERC20Permit.sol": {
      "lastModificationDate": 1672245524222,
      "contentHash": "fb77f144244b9ab12533aa6ce85ef8c5",
      "sourceName": "@openzeppelin/contracts/token/ERC20/extensions/draft-IERC20Permit.sol",
      "solcConfig": {
        "version": "0.8.17",
        "settings": {
          "optimizer": {
            "enabled": false,
            "runs": 200
          },
          "outputSelection": {
            "*": {
              "*": [
                "abi",
                "evm.bytecode",
                "evm.deployedBytecode",
                "evm.methodIdentifiers",
                "metadata"
              ],
              "": [
                "ast"
              ]
            }
          }
        }
      },
      "imports": [],
      "versionPragmas": [
        "^0.8.0"
      ],
      "artifacts": [
        "IERC20Permit"
      ]
    },
    "/Users/raza/projects/uber/deride2/node_modules/@openzeppelin/contracts/token/ERC20/IERC20.sol": {
      "lastModificationDate": 1672245524221,
      "contentHash": "ad7c2d0af148c8f9f097d65deeb4da6b",
      "sourceName": "@openzeppelin/contracts/token/ERC20/IERC20.sol",
      "solcConfig": {
        "version": "0.8.17",
        "settings": {
          "optimizer": {
            "enabled": false,
            "runs": 200
          },
          "outputSelection": {
            "*": {
              "*": [
                "abi",
                "evm.bytecode",
                "evm.deployedBytecode",
                "evm.methodIdentifiers",
                "metadata"
              ],
              "": [
                "ast"
              ]
            }
          }
        }
      },
      "imports": [],
      "versionPragmas": [
        "^0.8.0"
      ],
      "artifacts": [
        "IERC20"
      ]
    },
    "/Users/raza/projects/uber/deride2/node_modules/@openzeppelin/contracts/token/ERC20/extensions/IERC20Metadata.sol": {
      "lastModificationDate": 1672245524222,
      "contentHash": "909ab67fc5c25033fe6cd364f8c056f9",
      "sourceName": "@openzeppelin/contracts/token/ERC20/extensions/IERC20Metadata.sol",
      "solcConfig": {
        "version": "0.8.17",
        "settings": {
          "optimizer": {
            "enabled": false,
            "runs": 200
          },
          "outputSelection": {
            "*": {
              "*": [
                "abi",
                "evm.bytecode",
                "evm.deployedBytecode",
                "evm.methodIdentifiers",
                "metadata"
              ],
              "": [
                "ast"
              ]
            }
          }
        }
      },
      "imports": [
        "../IERC20.sol"
      ],
      "versionPragmas": [
        "^0.8.0"
      ],
      "artifacts": [
        "IERC20Metadata"
      ]
    },
    "/Users/raza/projects/uber/deride2/contracts/drdtoken.sol": {
      "lastModificationDate": 1672230907270,
      "contentHash": "e3a880d119de00fc80813282299ae773",
      "sourceName": "contracts/drdtoken.sol",
      "solcConfig": {
        "version": "0.8.17",
        "settings": {
          "optimizer": {
            "enabled": false,
            "runs": 200
          },
          "outputSelection": {
            "*": {
              "*": [
                "abi",
                "evm.bytecode",
                "evm.deployedBytecode",
                "evm.methodIdentifiers",
                "metadata"
              ],
              "": [
                "ast"
              ]
            }
          }
        }
      },
      "imports": [
        "@openzeppelin/contracts/token/ERC20/ERC20.sol",
        "@openzeppelin/contracts/token/ERC20/extensions/draft-ERC20Permit.sol",
        "@openzeppelin/contracts/token/ERC20/extensions/ERC20Votes.sol"
      ],
      "versionPragmas": [
        "^0.8.2"
      ],
      "artifacts": [
        "DerideToken"
      ]
    },
    "/Users/raza/projects/uber/deride2/contracts/deride.sol": {
      "lastModificationDate": 1681278184117,
      "contentHash": "db7960c441c2834a9f717f713859587a",
      "sourceName": "contracts/deride.sol",
      "solcConfig": {
        "version": "0.8.17",
        "settings": {
          "optimizer": {
            "enabled": false,
            "runs": 200
          },
          "outputSelection": {
            "*": {
              "*": [
                "abi",
                "evm.bytecode",
                "evm.deployedBytecode",
                "evm.methodIdentifiers",
                "metadata"
              ],
              "": [
                "ast"
              ]
            }
          }
        }
      },
      "imports": [
        "./drdtoken.sol"
      ],
      "versionPragmas": [
        "0.8.17"
      ],
      "artifacts": [
        "Deride"
      ]
    }
  }
}
