[
	{
		"anonymous": false,
		"inputs": [
			{
				"indexed": false,
				"internalType": "address[]",
				"name": "WaitingRiders",
				"type": "address[]"
			}
		],
		"name": "RiderDetails",
		"type": "event"
	},
	{
		"anonymous": false,
		"inputs": [
			{
				"indexed": false,
				"internalType": "uint256",
				"name": "riderNumber",
				"type": "uint256"
			}
		],
		"name": "RiderPicked",
		"type": "event"
	},
	{
		"inputs": [
			{
				"internalType": "uint256",
				"name": "riderNumber",
				"type": "uint256"
			}
		],
		"name": "acceptRequest",
		"outputs": [],
		"stateMutability": "nonpayable",
		"type": "function"
	},
	{
		"inputs": [
			{
				"internalType": "uint256",
				"name": "cost",
				"type": "uint256"
			}
		],
		"name": "cancelRideRequest",
		"outputs": [],
		"stateMutability": "nonpayable",
		"type": "function"
	},
	{
		"inputs": [],
		"name": "driveRequest",
		"outputs": [],
		"stateMutability": "nonpayable",
		"type": "function"
	},
	{
		"inputs": [
			{
				"internalType": "uint256",
				"name": "riderNumber",
				"type": "uint256"
			},
			{
				"internalType": "uint256",
				"name": "cost",
				"type": "uint256"
			}
		],
		"name": "markRideCompleted",
		"outputs": [],
		"stateMutability": "nonpayable",
		"type": "function"
	},
	{
		"inputs": [
			{
				"internalType": "uint256",
				"name": "cost",
				"type": "uint256"
			}
		],
		"name": "rideRequest",
		"outputs": [],
		"stateMutability": "nonpayable",
		"type": "function"
	},
	{
		"inputs": [
			{
				"internalType": "address",
				"name": "DRDContractAddress",
				"type": "address"
			}
		],
		"name": "setDRDtokenAddress",
		"outputs": [],
		"stateMutability": "nonpayable",
		"type": "function"
	},
	{
		"inputs": [
			{
				"internalType": "uint256",
				"name": "user_id",
				"type": "uint256"
			},
			{
				"internalType": "uint256",
				"name": "_state",
				"type": "uint256"
			}
		],
		"name": "setState",
		"outputs": [],
		"stateMutability": "nonpayable",
		"type": "function"
	},
	{
		"inputs": [],
		"name": "showAllRequests",
		"outputs": [],
		"stateMutability": "nonpayable",
		"type": "function"
	},
	{
		"inputs": [
			{
				"internalType": "address",
				"name": "to",
				"type": "address"
			},
			{
				"internalType": "uint256",
				"name": "amount",
				"type": "uint256"
			}
		],
		"name": "transferDRD",
		"outputs": [],
		"stateMutability": "nonpayable",
		"type": "function"
	},
	{
		"inputs": [
			{
				"internalType": "uint256",
				"name": "",
				"type": "uint256"
			}
		],
		"name": "userList",
		"outputs": [
			{
				"internalType": "address",
				"name": "",
				"type": "address"
			}
		],
		"stateMutability": "view",
		"type": "function"
	},
	{
		"inputs": [
			{
				"internalType": "address",
				"name": "",
				"type": "address"
			}
		],
		"name": "users",
		"outputs": [
			{
				"internalType": "bool",
				"name": "isUser",
				"type": "bool"
			},
			{
				"internalType": "uint256",
				"name": "number",
				"type": "uint256"
			},
			{
				"internalType": "enum Deride.Status",
				"name": "state",
				"type": "uint8"
			}
		],
		"stateMutability": "view",
		"type": "function"
	}
]